{"rms": 0.40154556595661656, "dist_coefs": [-0.02272616788631992, -1.0664443022414745, -0.0014029509953426818, 0.0014687099777905117, 9.219943124363857], "camera_matrix": [[716.4328831994707, 0.0, 314.02937674418814], [0.0, 731.9245273876703, 195.86522260084308], [0.0, 0.0, 1.0]]}